{
  "id": "07377a45-d428-4eb9-a544-9ed3b85074f4",
  "revision": 0,
  "last_node_id": 53,
  "last_link_id": 71,
  "nodes": [
    {
      "id": 1,
      "type": "RenderPeopleKps",
      "pos": [
        2294.506591796875,
        3038.25048828125
      ],
      "size": [
        315,
        106
      ],
      "flags": {},
      "order": 10,
      "mode": 0,
      "inputs": [
        {
          "label": "姿态关键点",
          "name": "kps",
          "type": "POSE_KEYPOINT",
          "link": 1
        }
      ],
      "outputs": [
        {
          "label": "图像",
          "name": "IMAGE",
          "type": "IMAGE",
          "links": [
            20
          ]
        }
      ],
      "properties": {
        "cnr_id": "comfyui_controlnet_aux",
        "ver": "83463c2e4b04e729268e57f638b4212e0da4badc",
        "Node name for S&R": "RenderPeopleKps"
      },
      "widgets_values": [
        true,
        true,
        true
      ]
    },
    {
      "id": 2,
      "type": "VHS_LoadVideo",
      "pos": [
        604.9677734375,
        3053.42236328125
      ],
      "size": [
        341.1831359863281,
        805.7747192382812
      ],
      "flags": {},
      "order": 0,
      "mode": 0,
      "inputs": [
        {
          "label": "批次管理",
          "name": "meta_batch",
          "shape": 7,
          "type": "VHS_BatchManager",
          "link": null
        },
        {
          "label": "vae",
          "name": "vae",
          "shape": 7,
          "type": "VAE",
          "link": null
        }
      ],
      "outputs": [
        {
          "label": "图像",
          "name": "IMAGE",
          "type": "IMAGE",
          "links": [
            3,
            4
          ]
        },
        {
          "label": "帧计数",
          "name": "frame_count",
          "type": "INT",
          "links": null
        },
        {
          "label": "音频",
          "name": "audio",
          "type": "AUDIO",
          "links": null
        },
        {
          "label": "视频信息",
          "name": "video_info",
          "type": "VHS_VIDEOINFO",
          "links": null
        }
      ],
      "properties": {
        "cnr_id": "comfyui-videohelpersuite",
        "ver": "73418575ca842f5f7575c48f17f45181e14715c1",
        "Node name for S&R": "VHS_LoadVideo"
      },
      "widgets_values": {
        "video": "4251.mp4",
        "force_rate": 0,
        "custom_width": 0,
        "custom_height": 0,
        "frame_load_cap": 1,
        "skip_first_frames": 0,
        "select_every_nth": 1,
        "format": "AnimateDiff",
        "choose video to upload": "image",
        "videopreview": {
          "hidden": false,
          "paused": false,
          "params": {
            "filename": "4251.mp4",
            "type": "input",
            "format": "video/mp4",
            "force_rate": 0,
            "custom_width": 0,
            "custom_height": 0,
            "frame_load_cap": 1,
            "skip_first_frames": 0,
            "select_every_nth": 1
          }
        }
      }
    },
    {
      "id": 3,
      "type": "DisplayAny",
      "pos": [
        2650.97216796875,
        3261.298095703125
      ],
      "size": [
        446.3636474609375,
        158.0908966064453
      ],
      "flags": {},
      "order": 24,
      "mode": 0,
      "inputs": [
        {
          "label": "输入",
          "name": "input",
          "type": "*",
          "link": 2
        }
      ],
      "outputs": [
        {
          "label": "字符串",
          "name": "STRING",
          "type": "STRING",
          "links": null
        }
      ],
      "properties": {
        "cnr_id": "comfyui_essentials",
        "ver": "33ff89fd354d8ec3ab6affb605a79a931b445d99",
        "Node name for S&R": "DisplayAny"
      },
      "widgets_values": [
        "raw value"
      ]
    },
    {
      "id": 4,
      "type": "PreviewImage",
      "pos": [
        1026.557373046875,
        3313.36328125
      ],
      "size": [
        140,
        246
      ],
      "flags": {},
      "order": 8,
      "mode": 0,
      "inputs": [
        {
          "label": "图像",
          "name": "images",
          "type": "IMAGE",
          "link": 3
        }
      ],
      "outputs": [],
      "properties": {
        "cnr_id": "comfy-core",
        "ver": "0.3.30",
        "Node name for S&R": "PreviewImage"
      },
      "widgets_values": []
    },
    {
      "id": 5,
      "type": "DWPreprocessor",
      "pos": [
        1210.42724609375,
        3351.2041015625
      ],
      "size": [
        320.79998779296875,
        222
      ],
      "flags": {},
      "order": 9,
      "mode": 0,
      "inputs": [
        {
          "label": "图像",
          "name": "image",
          "type": "IMAGE",
          "link": 4
        }
      ],
      "outputs": [
        {
          "label": "图像",
          "name": "IMAGE",
          "type": "IMAGE",
          "links": [
            5
          ]
        },
        {
          "label": "姿态关键点",
          "name": "POSE_KEYPOINT",
          "type": "POSE_KEYPOINT",
          "links": [
            8,
            10
          ]
        }
      ],
      "properties": {
        "cnr_id": "comfyui_controlnet_aux",
        "ver": "83463c2e4b04e729268e57f638b4212e0da4badc",
        "Node name for S&R": "DWPreprocessor"
      },
      "widgets_values": [
        "enable",
        "enable",
        "enable",
        512,
        "yolox_l.onnx",
        "dw-ll_ucoco_384_bs5.torchscript.pt",
        "disable"
      ]
    },
    {
      "id": 6,
      "type": "LoadImage",
      "pos": [
        1000.4566040039062,
        3627.7724609375
      ],
      "size": [
        210,
        386.91571044921875
      ],
      "flags": {},
      "order": 2,
      "mode": 0,
      "inputs": [],
      "outputs": [
        {
          "label": "图像",
          "name": "IMAGE",
          "type": "IMAGE",
          "links": [
            13
          ]
        },
        {
          "label": "遮罩",
          "name": "MASK",
          "type": "MASK",
          "links": null
        }
      ],
      "properties": {
        "cnr_id": "comfy-core",
        "ver": "0.3.30",
        "Node name for S&R": "LoadImage"
      },
      "widgets_values": [
        "app3.png",
        "image"
      ]
    },
    {
      "id": 7,
      "type": "PreviewImage",
      "pos": [
        1268.258544921875,
        3651.12060546875
      ],
      "size": [
        210,
        246
      ],
      "flags": {},
      "order": 14,
      "mode": 0,
      "inputs": [
        {
          "label": "图像",
          "name": "images",
          "type": "IMAGE",
          "link": 5
        }
      ],
      "outputs": [],
      "properties": {
        "cnr_id": "comfy-core",
        "ver": "0.3.30",
        "Node name for S&R": "PreviewImage"
      },
      "widgets_values": []
    },
    {
      "id": 10,
      "type": "DWPreprocessor",
      "pos": [
        2311.53466796875,
        3734.158447265625
      ],
      "size": [
        320.79998779296875,
        222
      ],
      "flags": {},
      "order": 21,
      "mode": 0,
      "inputs": [
        {
          "label": "图像",
          "name": "image",
          "type": "IMAGE",
          "link": 52
        }
      ],
      "outputs": [
        {
          "label": "图像",
          "name": "IMAGE",
          "type": "IMAGE",
          "links": []
        },
        {
          "label": "姿态关键点",
          "name": "POSE_KEYPOINT",
          "type": "POSE_KEYPOINT",
          "links": [
            17
          ]
        }
      ],
      "properties": {
        "cnr_id": "comfyui_controlnet_aux",
        "ver": "83463c2e4b04e729268e57f638b4212e0da4badc",
        "Node name for S&R": "DWPreprocessor"
      },
      "widgets_values": [
        "disable",
        "enable",
        "disable",
        512,
        "yolox_l.onnx",
        "dw-ll_ucoco_384_bs5.torchscript.pt",
        "disable"
      ]
    },
    {
      "id": 11,
      "type": "huchenlei.LoadOpenposeJSON",
      "pos": [
        1888.56591796875,
        3035.523193359375
      ],
      "size": [
        325.36871337890625,
        973.6329345703125
      ],
      "flags": {},
      "order": 3,
      "mode": 0,
      "inputs": [],
      "outputs": [
        {
          "label": "POSE_KEYPOINT",
          "name": "POSE_KEYPOINT",
          "type": "POSE_KEYPOINT",
          "links": [
            1,
            9
          ]
        }
      ],
      "properties": {
        "cnr_id": "comfyui-openpose-editor",
        "ver": "1.0.2",
        "Node name for S&R": "huchenlei.LoadOpenposeJSON"
      },
      "widgets_values": [
        "{\"people\":[{\"pose_keypoints_2d\":[267.0120378301217,141.8650588081929,1,262.32302627635863,208.0301225144712,1,137.86693532569268,151.7658935449254,1,97.48834504529475,281.109063486671,1,87.71126633941213,379.9783426912316,1,372.3150219766005,150.83666079511374,1,390.44115802557644,279.99673318579954,1,418.2654998274743,386.5302594624213,1,171.19306575772669,333.0300849810565,1,157.52619456765558,466.60593604723266,1,131.559148622583,642.8775661656694,1,334.4770757705626,333.0911174980765,1,363.6593399949095,457.5852286062198,1,377.5101859681389,642.8165336486495,1,258.4342079947645,133.94706203709399,1,274.2702015369624,133.28722897283575,1,247.21704590237437,134.60689510135222,1,286.1471966936108,132.6273959085775,1],\"hand_right_keypoints_2d\":[83.50607520400564,386.28612939434134,1,90.865159690967,394.69651166515433,1,96.12164861022512,403.1068939359673,1,94.01905304252188,412.56857399063193,1,90.865159690967,419.9276584775933,1,81.4034796363024,406.2607872875222,1,82.45477742015402,419.9276584775933,1,86.65996855556051,422.03025404529654,1,89.81386190711538,423.08155182914817,1,75.09569293319265,407.3120850713738,1,78.24958628474752,420.9789562614449,1,82.45477742015402,423.08155182914817,1,86.65996855556051,424.1328496129998,1,71.94179958163778,408.36338285522544,1,75.09569293319265,419.9276584775933,1,79.30088406859915,422.03025404529654,1,82.45477742015402,423.08155182914817,1,69.83920401393453,408.36338285522544,1,71.94179958163778,417.82506290989005,1,75.09569293319265,419.9276584775933,1,78.24958628474752,419.9276584775933,1],\"hand_left_keypoints_2d\":[420.36809539517753,394.9406417332343,1,413.00901090821617,404.4023217878989,1,405.6499264212548,413.86400184256354,1,405.6499264212548,422.2743841133765,1,406.7012242051064,429.6334686003379,1,416.16290425977104,419.12049076182166,1,414.0603086920678,430.6847663841895,1,411.95771312436455,431.73606416804114,1,409.8551175566613,430.6847663841895,1,423.5219887467324,419.12049076182166,1,421.41939317902916,432.78736195189276,1,418.2654998274743,431.73606416804114,1,416.16290425977104,428.58217081648627,1,428.7784776659905,419.12049076182166,1,427.7271798821389,430.6847663841895,1,423.5219887467324,430.6847663841895,1,421.41939317902916,427.53087303263464,1,434.03496658524864,418.06919297797003,1,431.9323710175454,426.479575248783,1,428.7784776659905,427.53087303263464,1,426.6758820982873,425.4282774649314,1],\"face_keypoints_2d\":[249.2814386451888,132.7122894586172,1,249.2814386451888,137.3311209084249,1,250.6011047737053,141.94995235823262,1,251.92077090222176,147.22861687229857,1,253.2404370307383,151.18761525784805,1,256.5396023520295,155.80644670765577,1,259.8387676733207,159.10561202894698,1,263.7977660588702,161.74494428597995,1,268.4165975086779,163.06461041449646,1,273.0354289584856,161.74494428597995,1,276.9944273440351,158.44577896468874,1,279.63375960106805,155.14661364339753,1,282.273091858101,149.86794912933155,1,283.59275798661747,145.9089507437821,1,284.91242411513406,140.63028622971615,1,285.5722571793923,136.01145477990843,1,284.91242411513406,131.39262333010072,1,253.2404370307383,131.39262333010072,1,255.87976928777124,130.73279026584248,1,258.51910154480424,130.73279026584248,1,261.1584338018372,131.39262333010072,1,263.7977660588702,132.05245639435896,1,271.05592976571086,131.39262333010072,1,273.0354289584856,130.73279026584248,1,275.6747612155186,130.07295720158422,1,278.3140934725516,130.07295720158422,1,280.9534257295845,130.73279026584248,1,267.09693138016144,135.35162171565017,1,267.09693138016144,139.31062010119965,1,267.09693138016144,142.60978542249086,1,267.09693138016144,145.9089507437821,1,263.7977660588702,147.22861687229857,1,265.7772652516449,147.88844993655684,1,267.7567644444197,148.54828300081508,1,269.7362636371944,147.88844993655684,1,271.7157628299691,147.22861687229857,1,255.87976928777124,136.01145477990843,1,257.859268480546,136.01145477990843,1,260.49860073757895,135.35162171565017,1,262.4780999303537,136.01145477990843,1,260.49860073757895,136.01145477990843,1,257.859268480546,136.01145477990843,1,271.7157628299691,135.35162171565017,1,274.3550950870021,135.35162171565017,1,276.33459427977687,134.69178865139193,1,278.9739265368098,134.69178865139193,1,276.33459427977687,135.35162171565017,1,274.3550950870021,136.01145477990843,1,261.8182668660954,152.50728138636453,1,263.7977660588702,151.8474483221063,1,266.43709831590314,151.18761525784805,1,267.7567644444197,151.18761525784805,1,269.07643057293615,151.18761525784805,1,271.7157628299691,151.18761525784805,1,274.3550950870021,151.8474483221063,1,272.3755958942274,153.82694751488103,1,270.3960967014526,155.14661364339753,1,268.4165975086779,155.80644670765577,1,265.7772652516449,155.14661364339753,1,263.7977660588702,153.82694751488103,1,262.4780999303537,152.50728138636453,1,265.11743218738667,152.50728138636453,1,267.7567644444197,153.1671144506228,1,271.05592976571086,152.50728138636453,1,273.69526202274386,151.8474483221063,1,271.05592976571086,152.50728138636453,1,267.7567644444197,153.1671144506228,1,265.11743218738667,153.1671144506228,1,259.1789346090625,134.69178865139193,1,275.01492815126034,134.0319555871337,1]}],\"animals\":[],\"canvas_width\":512,\"canvas_height\":768}"
      ]
    },
    {
      "id": 12,
      "type": "PoseDiffCalculator",
      "pos": [
        2318.794677734375,
        3514.47802734375
      ],
      "size": [
        260.3999938964844,
        46
      ],
      "flags": {},
      "order": 15,
      "mode": 0,
      "inputs": [
        {
          "label": "original_frame_pose",
          "name": "original_frame_pose",
          "type": "POSE_KEYPOINT",
          "link": 8
        },
        {
          "label": "adjusted_frame_pose",
          "name": "adjusted_frame_pose",
          "type": "POSE_KEYPOINT",
          "link": 9
        }
      ],
      "outputs": [
        {
          "label": "pose_diff",
          "name": "pose_diff",
          "type": "POSE_KEYPOINT",
          "links": [
            2,
            16,
            23,
            33
          ]
        }
      ],
      "properties": {
        "aux_id": "SS-snap/Comfyui_SSsnap_pose-Remapping",
        "ver": "e44070ceda9ce917cc6447e068a12ed8a4afdb89",
        "Node name for S&R": "PoseDiffCalculator"
      },
      "widgets_values": []
    },
    {
      "id": 13,
      "type": "Show any to JSON [Crystools]",
      "pos": [
        1562.7462158203125,
        3372.0546875
      ],
      "size": [
        246.0550079345703,
        271.6570129394531
      ],
      "flags": {},
      "order": 16,
      "mode": 0,
      "inputs": [
        {
          "label": "任意值",
          "name": "any_value",
          "shape": 7,
          "type": "*",
          "link": 10
        }
      ],
      "outputs": [
        {
          "label": "字符串",
          "name": "string",
          "type": "STRING",
          "links": null
        }
      ],
      "properties": {
        "cnr_id": "ComfyUI-Crystools",
        "ver": "576b44b9b79e3bf4b5d50457a28924d89a42e7e1",
        "Node name for S&R": "Show any to JSON [Crystools]"
      },
      "widgets_values": []
    },
    {
      "id": 14,
      "type": "LayerUtility: LayerImageTransform",
      "pos": [
        5249.34814453125,
        3961.830810546875
      ],
      "size": [
        277.20001220703125,
        226
      ],
      "flags": {},
      "order": 38,
      "mode": 0,
      "inputs": [
        {
          "label": "图像",
          "name": "image",
          "type": "IMAGE",
          "link": 65
        }
      ],
      "outputs": [
        {
          "label": "图像",
          "name": "image",
          "type": "IMAGE",
          "links": [
            12
          ]
        }
      ],
      "properties": {
        "cnr_id": "comfyui_layerstyle",
        "ver": "7b326d13e43fc4022cd80e472c7af67027409b1e",
        "Node name for S&R": "LayerUtility: LayerImageTransform"
      },
      "widgets_values": [
        0,
        5,
        "None",
        1,
        1,
        0,
        "lanczos",
        2
      ],
      "color": "rgba(38, 73, 116, 0.7)"
    },
    {
      "id": 16,
      "type": "ImageBlend",
      "pos": [
        5251.20458984375,
        3783.667724609375
      ],
      "size": [
        210,
        102
      ],
      "flags": {},
      "order": 40,
      "mode": 0,
      "inputs": [
        {
          "label": "图像1",
          "name": "image1",
          "type": "IMAGE",
          "link": 12
        },
        {
          "label": "图像2",
          "name": "image2",
          "type": "IMAGE",
          "link": 13
        }
      ],
      "outputs": [
        {
          "label": "图像",
          "name": "IMAGE",
          "type": "IMAGE",
          "links": [
            14
          ]
        }
      ],
      "properties": {
        "cnr_id": "comfy-core",
        "ver": "0.3.30",
        "Node name for S&R": "ImageBlend"
      },
      "widgets_values": [
        0.5,
        "normal"
      ]
    },
    {
      "id": 17,
      "type": "PreviewImage",
      "pos": [
        5552.33203125,
        3782.087158203125
      ],
      "size": [
        366.2000427246094,
        407.6999816894531
      ],
      "flags": {},
      "order": 41,
      "mode": 0,
      "inputs": [
        {
          "label": "图像",
          "name": "images",
          "type": "IMAGE",
          "link": 14
        }
      ],
      "outputs": [],
      "properties": {
        "cnr_id": "comfy-core",
        "ver": "0.3.30",
        "Node name for S&R": "PreviewImage"
      },
      "widgets_values": []
    },
    {
      "id": 18,
      "type": "DWPreprocessor",
      "pos": [
        2315.9599609375,
        4036.900146484375
      ],
      "size": [
        320.79998779296875,
        222
      ],
      "flags": {},
      "order": 23,
      "mode": 0,
      "inputs": [
        {
          "label": "图像",
          "name": "image",
          "type": "IMAGE",
          "link": 53
        }
      ],
      "outputs": [
        {
          "label": "图像",
          "name": "IMAGE",
          "type": "IMAGE",
          "links": []
        },
        {
          "label": "姿态关键点",
          "name": "POSE_KEYPOINT",
          "type": "POSE_KEYPOINT",
          "links": [
            18
          ]
        }
      ],
      "properties": {
        "cnr_id": "comfyui_controlnet_aux",
        "ver": "83463c2e4b04e729268e57f638b4212e0da4badc",
        "Node name for S&R": "DWPreprocessor"
      },
      "widgets_values": [
        "disable",
        "enable",
        "disable",
        512,
        "yolox_l.onnx",
        "dw-ll_ucoco_384_bs5.torchscript.pt",
        "disable"
      ]
    },
    {
      "id": 20,
      "type": "ApplyPoseDiff",
      "pos": [
        2678.916259765625,
        3735.212158203125
      ],
      "size": [
        371.20001220703125,
        406
      ],
      "flags": {},
      "order": 28,
      "mode": 0,
      "inputs": [
        {
          "label": "pose_diff",
          "name": "pose_diff",
          "type": "POSE_KEYPOINT",
          "link": 16
        },
        {
          "label": "original_frame_pose",
          "name": "original_frame_pose",
          "type": "POSE_KEYPOINT",
          "link": 17
        },
        {
          "label": "prev_original_frame_pose",
          "name": "prev_original_frame_pose",
          "type": "POSE_KEYPOINT",
          "link": 18
        },
        {
          "label": "scaled_pose_diff",
          "name": "scaled_pose_diff",
          "shape": 7,
          "type": "POSE_KEYPOINT",
          "link": null
        },
        {
          "label": "canvas_width",
          "name": "canvas_width",
          "type": "INT",
          "widget": {
            "name": "canvas_width"
          },
          "link": 60
        },
        {
          "label": "canvas_height",
          "name": "canvas_height",
          "type": "INT",
          "widget": {
            "name": "canvas_height"
          },
          "link": 61
        }
      ],
      "outputs": [
        {
          "label": "adjusted_frame_pose",
          "name": "adjusted_frame_pose",
          "type": "POSE_KEYPOINT",
          "links": [
            26,
            68
          ]
        }
      ],
      "properties": {
        "aux_id": "SS-snap/Comfyui_SSsnap_pose-Remapping",
        "ver": "e44070ceda9ce917cc6447e068a12ed8a4afdb89",
        "Node name for S&R": "ApplyPoseDiff"
      },
      "widgets_values": [
        768,
        768,
        false,
        false,
        false,
        false,
        true,
        false,
        false,
        false,
        false,
        0,
        0
      ]
    },
    {
      "id": 22,
      "type": "GetImageSize+",
      "pos": [
        1968.5931396484375,
        4173.5146484375
      ],
      "size": [
        214.20001220703125,
        66
      ],
      "flags": {},
      "order": 17,
      "mode": 0,
      "inputs": [
        {
          "label": "图像",
          "name": "image",
          "type": "IMAGE",
          "link": 20
        }
      ],
      "outputs": [
        {
          "label": "宽度",
          "name": "width",
          "type": "INT",
          "links": [
            56,
            58,
            60
          ]
        },
        {
          "label": "高度",
          "name": "height",
          "type": "INT",
          "links": [
            57,
            59,
            61
          ]
        },
        {
          "label": "count",
          "name": "count",
          "type": "INT",
          "links": null
        }
      ],
      "properties": {
        "cnr_id": "comfyui_essentials",
        "ver": "33ff89fd354d8ec3ab6affb605a79a931b445d99",
        "Node name for S&R": "GetImageSize+"
      },
      "widgets_values": []
    },
    {
      "id": 23,
      "type": "DWPreprocessor",
      "pos": [
        2316.234375,
        4390.3388671875
      ],
      "size": [
        320.79998779296875,
        222
      ],
      "flags": {},
      "order": 20,
      "mode": 0,
      "inputs": [
        {
          "label": "图像",
          "name": "image",
          "type": "IMAGE",
          "link": 51
        }
      ],
      "outputs": [
        {
          "label": "图像",
          "name": "IMAGE",
          "type": "IMAGE",
          "links": []
        },
        {
          "label": "姿态关键点",
          "name": "POSE_KEYPOINT",
          "type": "POSE_KEYPOINT",
          "links": [
            24
          ]
        }
      ],
      "properties": {
        "cnr_id": "comfyui_controlnet_aux",
        "ver": "83463c2e4b04e729268e57f638b4212e0da4badc",
        "Node name for S&R": "DWPreprocessor"
      },
      "widgets_values": [
        "disable",
        "enable",
        "disable",
        512,
        "yolox_l.onnx",
        "dw-ll_ucoco_384_bs5.torchscript.pt",
        "disable"
      ]
    },
    {
      "id": 24,
      "type": "DWPreprocessor",
      "pos": [
        2318.283447265625,
        4683.345703125
      ],
      "size": [
        320.79998779296875,
        222
      ],
      "flags": {},
      "order": 22,
      "mode": 0,
      "inputs": [
        {
          "label": "图像",
          "name": "image",
          "type": "IMAGE",
          "link": 50
        }
      ],
      "outputs": [
        {
          "label": "图像",
          "name": "IMAGE",
          "type": "IMAGE",
          "links": []
        },
        {
          "label": "姿态关键点",
          "name": "POSE_KEYPOINT",
          "type": "POSE_KEYPOINT",
          "links": [
            25
          ]
        }
      ],
      "properties": {
        "cnr_id": "comfyui_controlnet_aux",
        "ver": "83463c2e4b04e729268e57f638b4212e0da4badc",
        "Node name for S&R": "DWPreprocessor"
      },
      "widgets_values": [
        "disable",
        "enable",
        "disable",
        512,
        "yolox_l.onnx",
        "dw-ll_ucoco_384_bs5.torchscript.pt",
        "disable"
      ]
    },
    {
      "id": 26,
      "type": "ApplyPoseDiff",
      "pos": [
        2690.565673828125,
        4411.560546875
      ],
      "size": [
        371.20001220703125,
        406
      ],
      "flags": {},
      "order": 27,
      "mode": 0,
      "inputs": [
        {
          "label": "pose_diff",
          "name": "pose_diff",
          "type": "POSE_KEYPOINT",
          "link": 23
        },
        {
          "label": "original_frame_pose",
          "name": "original_frame_pose",
          "type": "POSE_KEYPOINT",
          "link": 24
        },
        {
          "label": "prev_original_frame_pose",
          "name": "prev_original_frame_pose",
          "type": "POSE_KEYPOINT",
          "link": 25
        },
        {
          "label": "scaled_pose_diff",
          "name": "scaled_pose_diff",
          "shape": 7,
          "type": "POSE_KEYPOINT",
          "link": null
        },
        {
          "label": "canvas_width",
          "name": "canvas_width",
          "type": "INT",
          "widget": {
            "name": "canvas_width"
          },
          "link": 58
        },
        {
          "label": "canvas_height",
          "name": "canvas_height",
          "type": "INT",
          "widget": {
            "name": "canvas_height"
          },
          "link": 59
        }
      ],
      "outputs": [
        {
          "label": "adjusted_frame_pose",
          "name": "adjusted_frame_pose",
          "type": "POSE_KEYPOINT",
          "links": [
            27,
            70
          ]
        }
      ],
      "properties": {
        "aux_id": "SS-snap/Comfyui_SSsnap_pose-Remapping",
        "ver": "e44070ceda9ce917cc6447e068a12ed8a4afdb89",
        "Node name for S&R": "ApplyPoseDiff"
      },
      "widgets_values": [
        768,
        768,
        false,
        false,
        false,
        false,
        false,
        false,
        false,
        false,
        false,
        0,
        0
      ]
    },
    {
      "id": 27,
      "type": "CalcScaledPoseDiff",
      "pos": [
        3637.212646484375,
        3887.538818359375
      ],
      "size": [
        253.60000610351562,
        46
      ],
      "flags": {},
      "order": 32,
      "mode": 0,
      "inputs": [
        {
          "label": "adjusted_pose",
          "name": "adjusted_pose",
          "type": "POSE_KEYPOINT",
          "link": 26
        },
        {
          "label": "scaled_pose",
          "name": "scaled_pose",
          "type": "POSE_KEYPOINT",
          "link": 27
        }
      ],
      "outputs": [
        {
          "label": "scaled_pose_diff",
          "name": "scaled_pose_diff",
          "type": "POSE_KEYPOINT",
          "links": [
            36
          ]
        }
      ],
      "properties": {
        "aux_id": "SS-snap/Comfyui_SSsnap_pose-Remapping",
        "ver": "e44070ceda9ce917cc6447e068a12ed8a4afdb89",
        "Node name for S&R": "CalcScaledPoseDiff"
      },
      "widgets_values": []
    },
    {
      "id": 29,
      "type": "MathExpression|pysssss",
      "pos": [
        4304.53515625,
        4254.60595703125
      ],
      "size": [
        210,
        128
      ],
      "flags": {},
      "order": 18,
      "mode": 0,
      "inputs": [
        {
          "label": "a",
          "name": "a",
          "shape": 7,
          "type": "INT,FLOAT,IMAGE,LATENT",
          "link": 29
        },
        {
          "label": "b",
          "name": "b",
          "shape": 7,
          "type": "INT,FLOAT,IMAGE,LATENT",
          "link": null
        },
        {
          "label": "c",
          "name": "c",
          "shape": 7,
          "type": "INT,FLOAT,IMAGE,LATENT",
          "link": null
        }
      ],
      "outputs": [
        {
          "label": "整数",
          "name": "INT",
          "type": "INT",
          "links": [
            30,
            46,
            62
          ]
        },
        {
          "label": "浮点",
          "name": "FLOAT",
          "type": "FLOAT",
          "links": null
        }
      ],
      "properties": {
        "cnr_id": "comfyui-custom-scripts",
        "ver": "2c09d59ab5ac27ac59022832bfde4eeeb9c55825"
      },
      "widgets_values": [
        "a+1"
      ]
    },
    {
      "id": 30,
      "type": "Int-🔬",
      "pos": [
        3634.927978515625,
        4210.01416015625
      ],
      "size": [
        210,
        58
      ],
      "flags": {},
      "order": 5,
      "mode": 0,
      "inputs": [],
      "outputs": [
        {
          "label": "INT",
          "name": "INT",
          "type": "INT",
          "links": [
            39
          ]
        }
      ],
      "properties": {
        "cnr_id": "comfyui-logic",
        "ver": "42d4f3df45fb7f0dd6e2201a14c07d4dd09f235d",
        "Node name for S&R": "Int-🔬"
      },
      "widgets_values": [
        -1
      ]
    },
    {
      "id": 31,
      "type": "VHS_LoadVideo",
      "pos": [
        3580.11572265625,
        4694.25732421875
      ],
      "size": [
        341.1831359863281,
        805.7747192382812
      ],
      "flags": {},
      "order": 25,
      "mode": 0,
      "inputs": [
        {
          "label": "批次管理",
          "name": "meta_batch",
          "shape": 7,
          "type": "VHS_BatchManager",
          "link": null
        },
        {
          "label": "vae",
          "name": "vae",
          "shape": 7,
          "type": "VAE",
          "link": null
        },
        {
          "label": "skip_first_frames",
          "name": "skip_first_frames",
          "type": "INT",
          "widget": {
            "name": "skip_first_frames"
          },
          "link": 30
        }
      ],
      "outputs": [
        {
          "label": "图像",
          "name": "IMAGE",
          "type": "IMAGE",
          "links": [
            31
          ]
        },
        {
          "label": "帧计数",
          "name": "frame_count",
          "type": "INT",
          "links": null
        },
        {
          "label": "音频",
          "name": "audio",
          "type": "AUDIO",
          "links": null
        },
        {
          "label": "视频信息",
          "name": "video_info",
          "type": "VHS_VIDEOINFO",
          "links": null
        }
      ],
      "properties": {
        "cnr_id": "comfyui-videohelpersuite",
        "ver": "73418575ca842f5f7575c48f17f45181e14715c1",
        "Node name for S&R": "VHS_LoadVideo"
      },
      "widgets_values": {
        "video": "4251.mp4",
        "force_rate": 0,
        "custom_width": 0,
        "custom_height": 0,
        "frame_load_cap": 1,
        "skip_first_frames": 0,
        "select_every_nth": 1,
        "format": "AnimateDiff",
        "choose video to upload": "image",
        "videopreview": {
          "hidden": false,
          "paused": false,
          "params": {
            "filename": "4251.mp4",
            "type": "input",
            "format": "video/mp4",
            "force_rate": 0,
            "custom_width": 0,
            "custom_height": 0,
            "frame_load_cap": 1,
            "skip_first_frames": 0,
            "select_every_nth": 1
          }
        }
      }
    },
    {
      "id": 32,
      "type": "DWPreprocessor",
      "pos": [
        3966.842041015625,
        4692.20947265625
      ],
      "size": [
        320.79998779296875,
        222
      ],
      "flags": {},
      "order": 29,
      "mode": 0,
      "inputs": [
        {
          "label": "图像",
          "name": "image",
          "type": "IMAGE",
          "link": 31
        }
      ],
      "outputs": [
        {
          "label": "图像",
          "name": "IMAGE",
          "type": "IMAGE",
          "links": []
        },
        {
          "label": "姿态关键点",
          "name": "POSE_KEYPOINT",
          "type": "POSE_KEYPOINT",
          "links": [
            34
          ]
        }
      ],
      "properties": {
        "cnr_id": "comfyui_controlnet_aux",
        "ver": "83463c2e4b04e729268e57f638b4212e0da4badc",
        "Node name for S&R": "DWPreprocessor"
      },
      "widgets_values": [
        "disable",
        "enable",
        "disable",
        512,
        "yolox_l.onnx",
        "dw-ll_ucoco_384_bs5.torchscript.pt",
        "disable"
      ]
    },
    {
      "id": 33,
      "type": "Int-🔬",
      "pos": [
        3637.303955078125,
        4335.6845703125
      ],
      "size": [
        210,
        58
      ],
      "flags": {},
      "order": 6,
      "mode": 0,
      "inputs": [],
      "outputs": [
        {
          "label": "INT",
          "name": "INT",
          "type": "INT",
          "links": [
            40
          ]
        }
      ],
      "properties": {
        "cnr_id": "comfyui-logic",
        "ver": "42d4f3df45fb7f0dd6e2201a14c07d4dd09f235d",
        "Node name for S&R": "Int-🔬"
      },
      "widgets_values": [
        0
      ]
    },
    {
      "id": 34,
      "type": "DWPreprocessor",
      "pos": [
        4745.35400390625,
        4696.36328125
      ],
      "size": [
        320.79998779296875,
        222
      ],
      "flags": {},
      "order": 30,
      "mode": 0,
      "inputs": [
        {
          "label": "图像",
          "name": "image",
          "type": "IMAGE",
          "link": 32
        }
      ],
      "outputs": [
        {
          "label": "图像",
          "name": "IMAGE",
          "type": "IMAGE",
          "links": []
        },
        {
          "label": "姿态关键点",
          "name": "POSE_KEYPOINT",
          "type": "POSE_KEYPOINT",
          "links": [
            35
          ]
        }
      ],
      "properties": {
        "cnr_id": "comfyui_controlnet_aux",
        "ver": "83463c2e4b04e729268e57f638b4212e0da4badc",
        "Node name for S&R": "DWPreprocessor"
      },
      "widgets_values": [
        "disable",
        "enable",
        "disable",
        512,
        "yolox_l.onnx",
        "dw-ll_ucoco_384_bs5.torchscript.pt",
        "disable"
      ]
    },
    {
      "id": 35,
      "type": "ApplyPoseDiff",
      "pos": [
        3913.46240234375,
        3693.678955078125
      ],
      "size": [
        371.20001220703125,
        406
      ],
      "flags": {},
      "order": 34,
      "mode": 0,
      "inputs": [
        {
          "label": "pose_diff",
          "name": "pose_diff",
          "type": "POSE_KEYPOINT",
          "link": 33
        },
        {
          "label": "original_frame_pose",
          "name": "original_frame_pose",
          "type": "POSE_KEYPOINT",
          "link": 34
        },
        {
          "label": "prev_original_frame_pose",
          "name": "prev_original_frame_pose",
          "type": "POSE_KEYPOINT",
          "link": 35
        },
        {
          "label": "scaled_pose_diff",
          "name": "scaled_pose_diff",
          "shape": 7,
          "type": "POSE_KEYPOINT",
          "link": 36
        },
        {
          "label": "canvas_width",
          "name": "canvas_width",
          "type": "INT",
          "widget": {
            "name": "canvas_width"
          },
          "link": 56
        },
        {
          "label": "canvas_height",
          "name": "canvas_height",
          "type": "INT",
          "widget": {
            "name": "canvas_height"
          },
          "link": 57
        },
        {
          "label": "current_step",
          "name": "current_step",
          "shape": 7,
          "type": "INT",
          "widget": {
            "name": "current_step"
          },
          "link": 62
        },
        {
          "label": "total_steps",
          "name": "total_steps",
          "shape": 7,
          "type": "INT",
          "widget": {
            "name": "total_steps"
          },
          "link": 64
        }
      ],
      "outputs": [
        {
          "label": "adjusted_frame_pose",
          "name": "adjusted_frame_pose",
          "type": "POSE_KEYPOINT",
          "links": [
            38
          ]
        }
      ],
      "properties": {
        "aux_id": "SS-snap/Comfyui_SSsnap_pose-Remapping",
        "ver": "e44070ceda9ce917cc6447e068a12ed8a4afdb89",
        "Node name for S&R": "ApplyPoseDiff"
      },
      "widgets_values": [
        768,
        768,
        false,
        false,
        false,
        false,
        false,
        false,
        false,
        false,
        false,
        0,
        30
      ]
    },
    {
      "id": 36,
      "type": "RenderPeopleKps",
      "pos": [
        4322.76904296875,
        3694.166748046875
      ],
      "size": [
        210,
        106
      ],
      "flags": {},
      "order": 35,
      "mode": 0,
      "inputs": [
        {
          "label": "姿态关键点",
          "name": "kps",
          "type": "POSE_KEYPOINT",
          "link": 38
        }
      ],
      "outputs": [
        {
          "label": "图像",
          "name": "IMAGE",
          "type": "IMAGE",
          "links": [
            44
          ]
        }
      ],
      "properties": {
        "cnr_id": "comfyui_controlnet_aux",
        "ver": "83463c2e4b04e729268e57f638b4212e0da4badc",
        "Node name for S&R": "RenderPeopleKps"
      },
      "widgets_values": [
        true,
        false,
        false
      ]
    },
    {
      "id": 37,
      "type": "easy forLoopStart",
      "pos": [
        3920.275390625,
        4210.61962890625
      ],
      "size": [
        315,
        158
      ],
      "flags": {},
      "order": 11,
      "mode": 0,
      "inputs": [
        {
          "label": "初始值1",
          "name": "initial_value1",
          "shape": 7,
          "type": "*",
          "link": 39
        },
        {
          "label": "initial_value2",
          "name": "initial_value2",
          "type": "*",
          "link": 40
        },
        {
          "label": "initial_value3",
          "name": "initial_value3",
          "type": "*",
          "link": null
        },
        {
          "label": "initial_value4",
          "name": "initial_value4",
          "type": "*",
          "link": null
        },
        {
          "name": "total",
          "type": "INT",
          "widget": {
            "name": "total"
          },
          "link": 63
        }
      ],
      "outputs": [
        {
          "label": "流",
          "name": "flow",
          "shape": 5,
          "type": "FLOW_CONTROL",
          "links": [
            45
          ]
        },
        {
          "label": "索引",
          "name": "index",
          "type": "INT",
          "links": null
        },
        {
          "label": "值1",
          "name": "value1",
          "type": "*",
          "links": [
            29
          ]
        },
        {
          "label": "value2",
          "name": "value2",
          "type": "*",
          "links": [
            41
          ]
        },
        {
          "label": "value3",
          "name": "value3",
          "type": "*",
          "links": [
            43
          ]
        },
        {
          "label": "value4",
          "name": "value4",
          "type": "*",
          "links": null
        }
      ],
      "properties": {
        "cnr_id": "comfyui-easy-use",
        "ver": "1.2.7",
        "Node name for S&R": "easy forLoopStart"
      },
      "widgets_values": [
        30
      ],
      "color": "#223",
      "bgcolor": "#335"
    },
    {
      "id": 38,
      "type": "MathExpression|pysssss",
      "pos": [
        4309.6142578125,
        4436.345703125
      ],
      "size": [
        210,
        128
      ],
      "flags": {},
      "order": 19,
      "mode": 0,
      "inputs": [
        {
          "label": "a",
          "name": "a",
          "shape": 7,
          "type": "INT,FLOAT,IMAGE,LATENT",
          "link": 41
        },
        {
          "label": "b",
          "name": "b",
          "shape": 7,
          "type": "INT,FLOAT,IMAGE,LATENT",
          "link": null
        },
        {
          "label": "c",
          "name": "c",
          "shape": 7,
          "type": "INT,FLOAT,IMAGE,LATENT",
          "link": null
        }
      ],
      "outputs": [
        {
          "label": "整数",
          "name": "INT",
          "type": "INT",
          "links": [
            42,
            47
          ]
        },
        {
          "label": "浮点",
          "name": "FLOAT",
          "type": "FLOAT",
          "links": null
        }
      ],
      "properties": {
        "cnr_id": "comfyui-custom-scripts",
        "ver": "2c09d59ab5ac27ac59022832bfde4eeeb9c55825"
      },
      "widgets_values": [
        "a+1"
      ]
    },
    {
      "id": 39,
      "type": "VHS_LoadVideo",
      "pos": [
        4368.97705078125,
        4696.0830078125
      ],
      "size": [
        341.1831359863281,
        805.7747192382812
      ],
      "flags": {},
      "order": 26,
      "mode": 0,
      "inputs": [
        {
          "label": "批次管理",
          "name": "meta_batch",
          "shape": 7,
          "type": "VHS_BatchManager",
          "link": null
        },
        {
          "label": "vae",
          "name": "vae",
          "shape": 7,
          "type": "VAE",
          "link": null
        },
        {
          "label": "skip_first_frames",
          "name": "skip_first_frames",
          "type": "INT",
          "widget": {
            "name": "skip_first_frames"
          },
          "link": 42
        }
      ],
      "outputs": [
        {
          "label": "图像",
          "name": "IMAGE",
          "type": "IMAGE",
          "links": [
            32
          ]
        },
        {
          "label": "帧计数",
          "name": "frame_count",
          "type": "INT",
          "links": null
        },
        {
          "label": "音频",
          "name": "audio",
          "type": "AUDIO",
          "links": null
        },
        {
          "label": "视频信息",
          "name": "video_info",
          "type": "VHS_VIDEOINFO",
          "links": null
        }
      ],
      "properties": {
        "cnr_id": "comfyui-videohelpersuite",
        "ver": "73418575ca842f5f7575c48f17f45181e14715c1",
        "Node name for S&R": "VHS_LoadVideo"
      },
      "widgets_values": {
        "video": "4251.mp4",
        "force_rate": 0,
        "custom_width": 0,
        "custom_height": 0,
        "frame_load_cap": 1,
        "skip_first_frames": 0,
        "select_every_nth": 1,
        "format": "AnimateDiff",
        "choose video to upload": "image",
        "videopreview": {
          "hidden": false,
          "paused": false,
          "params": {
            "filename": "4251.mp4",
            "type": "input",
            "format": "video/mp4",
            "force_rate": 0,
            "custom_width": 0,
            "custom_height": 0,
            "frame_load_cap": 1,
            "skip_first_frames": 0,
            "select_every_nth": 1
          }
        }
      }
    },
    {
      "id": 40,
      "type": "easy batchAnything",
      "pos": [
        4684.3818359375,
        4413.8427734375
      ],
      "size": [
        210,
        46
      ],
      "flags": {},
      "order": 36,
      "mode": 0,
      "inputs": [
        {
          "label": "any_1",
          "name": "any_1",
          "type": "*",
          "link": 43
        },
        {
          "label": "any_2",
          "name": "any_2",
          "type": "*",
          "link": 44
        }
      ],
      "outputs": [
        {
          "label": "batch",
          "name": "batch",
          "type": "*",
          "links": [
            48
          ]
        }
      ],
      "properties": {
        "cnr_id": "comfyui-easy-use",
        "ver": "1.2.7",
        "Node name for S&R": "easy batchAnything"
      },
      "widgets_values": []
    },
    {
      "id": 41,
      "type": "easy forLoopEnd",
      "pos": [
        4684.27783203125,
        4239.7861328125
      ],
      "size": [
        267,
        106
      ],
      "flags": {},
      "order": 37,
      "mode": 0,
      "inputs": [
        {
          "label": "流",
          "name": "flow",
          "shape": 5,
          "type": "FLOW_CONTROL",
          "link": 45
        },
        {
          "label": "初始值1",
          "name": "initial_value1",
          "shape": 7,
          "type": "*",
          "link": 46
        },
        {
          "label": "initial_value2",
          "name": "initial_value2",
          "type": "*",
          "link": 47
        },
        {
          "label": "initial_value3",
          "name": "initial_value3",
          "type": "*",
          "link": 48
        },
        {
          "name": "initial_value4",
          "type": "*",
          "link": null
        }
      ],
      "outputs": [
        {
          "label": "值1",
          "name": "value1",
          "type": "*",
          "links": null
        },
        {
          "label": "value2",
          "name": "value2",
          "type": "*",
          "links": null
        },
        {
          "label": "value3",
          "name": "value3",
          "type": "*",
          "links": [
            65,
            66
          ]
        },
        {
          "name": "value4",
          "type": "*",
          "links": null
        }
      ],
      "properties": {
        "cnr_id": "comfyui-easy-use",
        "ver": "1.2.7",
        "Node name for S&R": "easy forLoopEnd"
      },
      "widgets_values": [],
      "color": "#223",
      "bgcolor": "#335"
    },
    {
      "id": 43,
      "type": "VHS_LoadVideo",
      "pos": [
        1472.43408203125,
        4468.9970703125
      ],
      "size": [
        341.1831359863281,
        645.18310546875
      ],
      "flags": {},
      "order": 7,
      "mode": 0,
      "inputs": [
        {
          "label": "批次管理",
          "name": "meta_batch",
          "shape": 7,
          "type": "VHS_BatchManager",
          "link": null
        },
        {
          "label": "vae",
          "name": "vae",
          "shape": 7,
          "type": "VAE",
          "link": null
        }
      ],
      "outputs": [
        {
          "label": "图像",
          "name": "IMAGE",
          "type": "IMAGE",
          "links": [
            54,
            55
          ]
        },
        {
          "label": "帧计数",
          "name": "frame_count",
          "type": "INT",
          "links": null
        },
        {
          "label": "音频",
          "name": "audio",
          "type": "AUDIO",
          "links": null
        },
        {
          "label": "视频信息",
          "name": "video_info",
          "type": "VHS_VIDEOINFO",
          "links": null
        }
      ],
      "properties": {
        "cnr_id": "comfyui-videohelpersuite",
        "ver": "73418575ca842f5f7575c48f17f45181e14715c1",
        "Node name for S&R": "VHS_LoadVideo"
      },
      "widgets_values": {
        "video": "4月10日-6.mp4",
        "force_rate": 0,
        "custom_width": 0,
        "custom_height": 0,
        "frame_load_cap": 2,
        "skip_first_frames": 0,
        "select_every_nth": 1,
        "format": "AnimateDiff",
        "choose video to upload": "image",
        "videopreview": {
          "hidden": false,
          "paused": false,
          "params": {
            "filename": "4月10日-6.mp4",
            "type": "input",
            "format": "video/mp4",
            "force_rate": 0,
            "custom_width": 0,
            "custom_height": 0,
            "frame_load_cap": 2,
            "skip_first_frames": 0,
            "select_every_nth": 1
          }
        }
      }
    },
    {
      "id": 44,
      "type": "ImageFromBatch",
      "pos": [
        1887.766357421875,
        4392.41796875
      ],
      "size": [
        210,
        82
      ],
      "flags": {},
      "order": 12,
      "mode": 0,
      "inputs": [
        {
          "label": "图像",
          "name": "image",
          "type": "IMAGE",
          "link": 54
        }
      ],
      "outputs": [
        {
          "label": "图像",
          "name": "IMAGE",
          "type": "IMAGE",
          "links": [
            51,
            52
          ]
        }
      ],
      "properties": {
        "cnr_id": "comfy-core",
        "ver": "0.3.30",
        "Node name for S&R": "ImageFromBatch"
      },
      "widgets_values": [
        0,
        1
      ]
    },
    {
      "id": 45,
      "type": "ImageFromBatch",
      "pos": [
        1888.24560546875,
        4533.97314453125
      ],
      "size": [
        210,
        82
      ],
      "flags": {},
      "order": 13,
      "mode": 0,
      "inputs": [
        {
          "label": "图像",
          "name": "image",
          "type": "IMAGE",
          "link": 55
        }
      ],
      "outputs": [
        {
          "label": "图像",
          "name": "IMAGE",
          "type": "IMAGE",
          "links": [
            50,
            53
          ]
        }
      ],
      "properties": {
        "cnr_id": "comfy-core",
        "ver": "0.3.30",
        "Node name for S&R": "ImageFromBatch"
      },
      "widgets_values": [
        1,
        1
      ]
    },
    {
      "id": 46,
      "type": "Int-🔬",
      "pos": [
        3328.460693359375,
        4175.126953125
      ],
      "size": [
        210,
        58
      ],
      "flags": {},
      "order": 4,
      "mode": 0,
      "inputs": [],
      "outputs": [
        {
          "label": "INT",
          "name": "INT",
          "type": "INT",
          "links": [
            63,
            64
          ]
        }
      ],
      "properties": {
        "cnr_id": "comfyui-logic",
        "ver": "42d4f3df45fb7f0dd6e2201a14c07d4dd09f235d",
        "Node name for S&R": "Int-🔬"
      },
      "widgets_values": [
        0
      ]
    },
    {
      "id": 47,
      "type": "VHS_VideoCombine",
      "pos": [
        5496.5556640625,
        4278.9130859375
      ],
      "size": [
        210,
        633
      ],
      "flags": {},
      "order": 39,
      "mode": 0,
      "inputs": [
        {
          "label": "图像",
          "name": "images",
          "type": "IMAGE",
          "link": 66
        },
        {
          "label": "音频",
          "name": "audio",
          "shape": 7,
          "type": "AUDIO",
          "link": null
        },
        {
          "label": "批次管理",
          "name": "meta_batch",
          "shape": 7,
          "type": "VHS_BatchManager",
          "link": null
        },
        {
          "name": "vae",
          "shape": 7,
          "type": "VAE",
          "link": null
        }
      ],
      "outputs": [
        {
          "label": "文件名",
          "name": "Filenames",
          "type": "VHS_FILENAMES",
          "links": null
        }
      ],
      "properties": {
        "cnr_id": "comfyui-videohelpersuite",
        "ver": "73418575ca842f5f7575c48f17f45181e14715c1",
        "Node name for S&R": "VHS_VideoCombine"
      },
      "widgets_values": {
        "frame_rate": 15,
        "loop_count": 0,
        "filename_prefix": "AnimateDiff",
        "format": "video/h264-mp4",
        "pix_fmt": "yuv420p",
        "crf": 19,
        "save_metadata": true,
        "trim_to_audio": false,
        "pingpong": false,
        "save_output": true,
        "videopreview": {
          "hidden": false,
          "paused": false,
          "params": {
            "filename": "AnimateDiff_00745.mp4",
            "subfolder": "",
            "type": "output",
            "format": "video/h264-mp4",
            "frame_rate": 15,
            "workflow": "AnimateDiff_00745.png",
            "fullpath": "D:\\AI\\ComfyUI-aki-v1.4\\ComfyUI-aki-v1.4\\output\\AnimateDiff_00745.mp4"
          }
        }
      }
    },
    {
      "id": 49,
      "type": "Note",
      "pos": [
        575.1158447265625,
        2836.525146484375
      ],
      "size": [
        430.181884765625,
        88
      ],
      "flags": {},
      "order": 1,
      "mode": 0,
      "inputs": [],
      "outputs": [],
      "properties": {},
      "widgets_values": [
        "openpose editor:\nhttps://github.com/huchenlei/ComfyUI-openpose-editor"
      ],
      "color": "#432",
      "bgcolor": "#653"
    },
    {
      "id": 50,
      "type": "RenderPeopleKps",
      "pos": [
        3141.241943359375,
        3739.23779296875
      ],
      "size": [
        315,
        106
      ],
      "flags": {},
      "order": 33,
      "mode": 0,
      "inputs": [
        {
          "label": "姿态关键点",
          "name": "kps",
          "type": "POSE_KEYPOINT",
          "link": 68
        }
      ],
      "outputs": [
        {
          "label": "图像",
          "name": "IMAGE",
          "type": "IMAGE",
          "links": []
        }
      ],
      "properties": {
        "cnr_id": "comfyui_controlnet_aux",
        "ver": "83463c2e4b04e729268e57f638b4212e0da4badc",
        "Node name for S&R": "RenderPeopleKps"
      },
      "widgets_values": [
        true,
        false,
        false
      ]
    },
    {
      "id": 52,
      "type": "RenderPeopleKps",
      "pos": [
        3127.670166015625,
        4410.6240234375
      ],
      "size": [
        315,
        106
      ],
      "flags": {},
      "order": 31,
      "mode": 0,
      "inputs": [
        {
          "label": "姿态关键点",
          "name": "kps",
          "type": "POSE_KEYPOINT",
          "link": 70
        }
      ],
      "outputs": [
        {
          "label": "图像",
          "name": "IMAGE",
          "type": "IMAGE",
          "links": []
        }
      ],
      "properties": {
        "cnr_id": "comfyui_controlnet_aux",
        "ver": "83463c2e4b04e729268e57f638b4212e0da4badc",
        "Node name for S&R": "RenderPeopleKps"
      },
      "widgets_values": [
        true,
        false,
        false
      ]
    }
  ],
  "links": [
    [
      1,
      11,
      0,
      1,
      0,
      "POSE_KEYPOINT"
    ],
    [
      2,
      12,
      0,
      3,
      0,
      "*"
    ],
    [
      3,
      2,
      0,
      4,
      0,
      "IMAGE"
    ],
    [
      4,
      2,
      0,
      5,
      0,
      "IMAGE"
    ],
    [
      5,
      5,
      0,
      7,
      0,
      "IMAGE"
    ],
    [
      8,
      5,
      1,
      12,
      0,
      "POSE_KEYPOINT"
    ],
    [
      9,
      11,
      0,
      12,
      1,
      "POSE_KEYPOINT"
    ],
    [
      10,
      5,
      1,
      13,
      0,
      "*"
    ],
    [
      12,
      14,
      0,
      16,
      0,
      "IMAGE"
    ],
    [
      13,
      6,
      0,
      16,
      1,
      "IMAGE"
    ],
    [
      14,
      16,
      0,
      17,
      0,
      "IMAGE"
    ],
    [
      16,
      12,
      0,
      20,
      0,
      "POSE_KEYPOINT"
    ],
    [
      17,
      10,
      1,
      20,
      1,
      "POSE_KEYPOINT"
    ],
    [
      18,
      18,
      1,
      20,
      2,
      "POSE_KEYPOINT"
    ],
    [
      20,
      1,
      0,
      22,
      0,
      "IMAGE"
    ],
    [
      23,
      12,
      0,
      26,
      0,
      "POSE_KEYPOINT"
    ],
    [
      24,
      23,
      1,
      26,
      1,
      "POSE_KEYPOINT"
    ],
    [
      25,
      24,
      1,
      26,
      2,
      "POSE_KEYPOINT"
    ],
    [
      26,
      20,
      0,
      27,
      0,
      "POSE_KEYPOINT"
    ],
    [
      27,
      26,
      0,
      27,
      1,
      "POSE_KEYPOINT"
    ],
    [
      29,
      37,
      2,
      29,
      0,
      "INT,FLOAT,IMAGE,LATENT"
    ],
    [
      30,
      29,
      0,
      31,
      2,
      "INT"
    ],
    [
      31,
      31,
      0,
      32,
      0,
      "IMAGE"
    ],
    [
      32,
      39,
      0,
      34,
      0,
      "IMAGE"
    ],
    [
      33,
      12,
      0,
      35,
      0,
      "POSE_KEYPOINT"
    ],
    [
      34,
      32,
      1,
      35,
      1,
      "POSE_KEYPOINT"
    ],
    [
      35,
      34,
      1,
      35,
      2,
      "POSE_KEYPOINT"
    ],
    [
      36,
      27,
      0,
      35,
      3,
      "POSE_KEYPOINT"
    ],
    [
      38,
      35,
      0,
      36,
      0,
      "POSE_KEYPOINT"
    ],
    [
      39,
      30,
      0,
      37,
      0,
      "*"
    ],
    [
      40,
      33,
      0,
      37,
      1,
      "*"
    ],
    [
      41,
      37,
      3,
      38,
      0,
      "INT,FLOAT,IMAGE,LATENT"
    ],
    [
      42,
      38,
      0,
      39,
      2,
      "INT"
    ],
    [
      43,
      37,
      4,
      40,
      0,
      "*"
    ],
    [
      44,
      36,
      0,
      40,
      1,
      "*"
    ],
    [
      45,
      37,
      0,
      41,
      0,
      "FLOW_CONTROL"
    ],
    [
      46,
      29,
      0,
      41,
      1,
      "*"
    ],
    [
      47,
      38,
      0,
      41,
      2,
      "*"
    ],
    [
      48,
      40,
      0,
      41,
      3,
      "*"
    ],
    [
      50,
      45,
      0,
      24,
      0,
      "IMAGE"
    ],
    [
      51,
      44,
      0,
      23,
      0,
      "IMAGE"
    ],
    [
      52,
      44,
      0,
      10,
      0,
      "IMAGE"
    ],
    [
      53,
      45,
      0,
      18,
      0,
      "IMAGE"
    ],
    [
      54,
      43,
      0,
      44,
      0,
      "IMAGE"
    ],
    [
      55,
      43,
      0,
      45,
      0,
      "IMAGE"
    ],
    [
      56,
      22,
      0,
      35,
      4,
      "INT"
    ],
    [
      57,
      22,
      1,
      35,
      5,
      "INT"
    ],
    [
      58,
      22,
      0,
      26,
      4,
      "INT"
    ],
    [
      59,
      22,
      1,
      26,
      5,
      "INT"
    ],
    [
      60,
      22,
      0,
      20,
      4,
      "INT"
    ],
    [
      61,
      22,
      1,
      20,
      5,
      "INT"
    ],
    [
      62,
      29,
      0,
      35,
      6,
      "INT"
    ],
    [
      63,
      46,
      0,
      37,
      4,
      "INT"
    ],
    [
      64,
      46,
      0,
      35,
      7,
      "INT"
    ],
    [
      65,
      41,
      2,
      14,
      0,
      "IMAGE"
    ],
    [
      66,
      41,
      2,
      47,
      0,
      "IMAGE"
    ],
    [
      68,
      20,
      0,
      50,
      0,
      "POSE_KEYPOINT"
    ],
    [
      70,
      26,
      0,
      52,
      0,
      "POSE_KEYPOINT"
    ]
  ],
  "groups": [
    {
      "id": 1,
      "title": "Group",
      "bounding": [
        573.8474731445312,
        2956.29296875,
        1265.0206298828125,
        1086.267822265625
      ],
      "color": "#3f789e",
      "font_size": 24,
      "flags": {}
    },
    {
      "id": 2,
      "title": "Group",
      "bounding": [
        2271.25537109375,
        3644.623291015625,
        800.8274536132812,
        639.228759765625
      ],
      "color": "#3f789e",
      "font_size": 24,
      "flags": {}
    },
    {
      "id": 3,
      "title": "Group",
      "bounding": [
        2276.520751953125,
        2952.301513671875,
        871.9293823242188,
        664.0839233398438
      ],
      "color": "#3f789e",
      "font_size": 24,
      "flags": {}
    },
    {
      "id": 4,
      "title": "pos",
      "bounding": [
        5220.93212890625,
        3697.672607421875,
        716.3073120117188,
        521.701171875
      ],
      "color": "#3f789e",
      "font_size": 24,
      "flags": {}
    },
    {
      "id": 5,
      "title": "Group",
      "bounding": [
        2271.812255859375,
        4307.755859375,
        802.1561279296875,
        614.4675903320312
      ],
      "color": "#3f789e",
      "font_size": 24,
      "flags": {}
    },
    {
      "id": 6,
      "title": "1",
      "bounding": [
        3567.65869140625,
        4618.609375,
        730.14501953125,
        896.7813720703125
      ],
      "color": "#3f789e",
      "font_size": 24,
      "flags": {}
    },
    {
      "id": 7,
      "title": "2",
      "bounding": [
        4358.97705078125,
        4622.48291015625,
        731.689697265625,
        892.6702880859375
      ],
      "color": "#3f789e",
      "font_size": 24,
      "flags": {}
    },
    {
      "id": 8,
      "title": "Group",
      "bounding": [
        3624.927978515625,
        4136.4140625,
        1336.34228515625,
        456.6610412597656
      ],
      "color": "#3f789e",
      "font_size": 24,
      "flags": {}
    },
    {
      "id": 9,
      "title": "Group",
      "bounding": [
        3619.61279296875,
        3620.0771484375,
        926.838623046875,
        489.6000061035156
      ],
      "color": "#3f789e",
      "font_size": 24,
      "flags": {}
    }
  ],
  "config": {},
  "extra": {
    "ds": {
      "scale": 0.3138428376721005,
      "offset": [
        1177.5659315976573,
        -2331.1258528667577
      ]
    },
    "frontendVersion": "1.17.11",
    "node_versions": {
      "comfyui_controlnet_aux": "5a049bde9cc117dafc327cded156459289097ea1",
      "comfyui_essentials": "33ff89fd354d8ec3ab6affb605a79a931b445d99",
      "comfy-core": "0.3.27",
      "ComfyUI-openpose-editor": "75ba64b5704e2f9f02accf4eee42b7458966d5d3",
      "Comfyui_posediff_SSsnap": "3f2a73f75ec991518ba545cbf5047e2b07e26104",
      "comfyui-crystools": "72e2e9af4a6b9a58ca5d753cacff37ba1ff9bfa8",
      "ComfyUI_LayerStyle": "a085d8ca3cf3e3e8624ac0bb37a474d9d329e60e",
      "ComfyUI-Logic": "42d4f3df45fb7f0dd6e2201a14c07d4dd09f235d",
      "ComfyUI-Easy-Use": "9292f2286207928cfdade99ad1634103470c0799",
      "comfyui-VideoHelperSuite": "f7369389620ff244ddd6086cf0fa792a569086f2",
      "comfyui-custom-scripts": "3c38229fab16e9536a41a107fff545693c71f328"
    },
    "ue_links": [],
    "VHS_latentpreview": false,
    "VHS_latentpreviewrate": 0,
    "VHS_MetadataImage": true,
    "VHS_KeepIntermediate": true
  },
  "version": 0.4
}